status,employer,title,location,distance_km,distance_basis,start_label,duration_label,pay,deadline,summary,action,job_id,url,evidence,verified_on,first_found,last_checked,checked_this_run,change
Verified match,AMD,Summer 2027 Long Term Thermal Mechanical Test Engineer Intern/Co-op,"Markham, ON",,Markham is a nearby priority; exact site/radius not verified,May 2027,16 months (May 2027–August 2028),"CAD 67,000/year",Not stated,"Thermal validation, mechanical/acoustic testing, failure analysis and lab automation. Strong mechanical engineering relevance; Python/Ruby and data-analysis experience are useful.",Review and apply through employer. Check expectations for programming and lab experience; exact workplace and commute should be confirmed.,90980,https://careers.amd.com/careers-home/jobs/90980,Employer live page read in browser on 2026-09-23. Duration: May 2027 to August 2028. Undergraduate co-op context and Mechanical Engineering specified.,2026-09-23,2026-09-23,2026-09-23,True,Unchanged
Verified match,Procter & Gamble,Manufacturing & Engineering Technical Co-Op – May 2027 Start,"Belleville, ON",,Outside preferred 50 km area; Belleville relocation likely,May 2027,12-month option (also offers 4/8),"CAD 5,170/month",Rolling review; no fixed date stated,"Manufacturing projects in process control, systems and quality improvement. Mechanical students who have completed three years are among the preferred applicants.",Apply for the 12-month option. Assess relocation; employer reviews applications on a rolling basis and requires assessments. Work authorization sponsorship is not offered.,R000158888,https://pg.wd5.myworkdayjobs.com/1000/job/Belleville/Manufacturing---Engineering-Technical-Co-Op---May-2027-Start_R000158888,"Employer live Workday page read in browser on 2026-09-23. Placement offers 4, 8 and 12 months from May 2027; select the 12-month option.",2026-09-23,2026-09-23,2026-09-23,True,Unchanged
Needs confirmation,Celestica,"Student Intern, Materials Engineering Lab","Newmarket, ON",,"213 Harry Walker Parkway South, Newmarket; local",May 2027,16 months,CAD 23–30/hour,Not stated,"Local manufacturing/reliability lab work, but the stated degree requirement is Materials Engineering.",Retained under broader engineering scope. Ask whether a Mechanical Engineering student is eligible; listed degrees differ.,1439146033,"https://careers.celestica.com/job/Newmarket-Student-Intern,-Materials-Engineering-Lab-ON/1439146033/",Official posting requires a formal 16-month university placement and Materials Engineering studies. May 2027 start; Newmarket site.,2026-09-23,2026-09-23,2026-09-23,True,Unchanged
Needs confirmation,Celestica,"Student Intern, Test Development","Newmarket, ON",,Exact workplace distance not verified,May 2027,16 months,CAD 23–30/hour,Not stated,"Local automation/testing role, but the listed disciplines are electrical, mechatronics, computer engineering or computer science.",Retained under broader engineering scope. Ask whether a Mechanical Engineering student is eligible; listed degrees differ.,140848,https://careers.celestica.com/job/Newmarket-Student-Intern%2C-Test-Development-ON/1439151233/,Official indexed posting specifies 16 months from May 2027 and lists eligible degrees without Mechanical Engineering.,2026-09-23,2026-09-23,2026-09-23,True,Unchanged
Needs confirmation,Multimatic,Welding Support Co-op,"East Gwillimbury, ON",,Nearby municipality; exact worksite and distance unverified,Not confirmed,Not confirmed,Not stated,Not stated,"Local lead involving weld processes, mechanical systems, equipment troubleshooting and maintenance. Duration and start are absent from the indexed copy.","Check official posting and confirm duration, start date and suitability for a university mechanical student.",JR103258,https://multimatic.wd10.myworkdayjobs.com/en-US/MMEC/job/East-Gwillimbury-Ontario/Welding-Support-Co-op_JR103258,"Discovered through YubHub, which links this employer requisition. Direct employer retrieval failed. No verified 12/16-month or May 2027 evidence.",2026-09-23,2026-09-23,2026-09-23,True,Unchanged
Needs confirmation,Construction Demathieu & Bard,Student Co-op: Junior Project Coordinator – May 2027,Ontario project sites; Peterborough head office,,All Ontario included; exact work site/commute unverified,May 2027,1–4 terms (4–16 months); confirm 12/16 assignment,CAD 17.60–23.90/hour,Not stated,"Construction project coordination, inspections and site measurement. Civil/Construction Engineering students requested; personal vehicle and licence required. Employer says rental accommodation covered.","Confirm Mechanical Engineering eligibility, work site and 12/16-month assignment.",48194,https://cdb.applytojobs.ca/ontario/48194,"Employer job board read 2026-09-23: May 2027, 1–4 terms, Ontario project sites. Posting also mentions a June interview period without a clear year; timing needs confirmation.",2026-09-23,2026-09-23,2026-09-23,True,Newly found
Needs confirmation,EMS-Tech,Civil/Structural Engineering Co-op/Internship,"Belleville, ON (unverified)",,No distance cutoff; Belleville relocation likely,May 2027 (indexed claim),May 2027–May 2028; extension wording inconsistent,,,"Bulk material-handling equipment and conveyor projects; civil/structural engineering lead. Aggregator description also mentions electrical tasks, so scope needs confirmation.","Find the employer posting and confirm term, duties and accepted degree.",,https://www.jobless.dev/jobs/civilstructural-engineering-co-opinterns-at-ems-tech-inc-5691aceb,Search-index excerpt on 2026-09-23 claims May 2027–May 2028. Its extension length conflicts with the displayed end date. Employer posting not verified.,,2026-09-23,2026-09-23,True,Unchanged
Needs confirmation,EMS-Tech,Mechanical Engineering Co-op/Internship,"Belleville, ON (unverified)",,All Ontario included; exact work site/commute unverified,May 2027 (indexed claim),12-month option claimed; extension inconsistent,CAD 23–27/hour (aggregator claim),Not stated,Mechanical equipment design and drawings for bulk handling systems. Third/fourth-year Mechanical Engineering students sought. More promising individual fit than the electrical-only leads.,Verify Belleville opening and 12-month term at https://ems-tech.net/careers/.,Belleville-mechanical-May2027,https://www.jobless.dev/jobs/mechanical-engineering-co-opinternship-at-ems-tech-inc-518b11a2,Two indexed aggregators identify Belleville and May 2027–May 2028. A separate Burnaby vacancy exists: confirm the exact location and term through the employer careers page. Extension wording conflicts.,,2026-09-23,2026-09-23,True,Newly found
Needs confirmation,Geotab,"Mechanical Engineering Intern (Summer/May 2027, 16 Months)","Oakville, ON",,Outside preferred 50 km area; exact workplace not verified,May 2027 (indexed copy),16 months,CAD 28–36/hour (indexed copy),Not stated,"Excellent subject match: SolidWorks drawings, harnesses, prototypes, jig tooling and tolerance analysis. Current availability needs checking.",Verify availability through Geotab careers. Do not rely on aggregator suggested application dates.,5371916008,https://job-boards.greenhouse.io/internshiplist2000/jobs/5371916008,Indexed Greenhouse and aggregator text describe May 2027 for 16 months. Opening the linked job redirects to the internship board with error=true; the current list did not show this role.,2026-09-23,2026-09-23,2026-09-23,True,Unchanged
Needs confirmation,Hatch,"Mechanical Engineering Student, Technologies","Mississauga, ON",,Outside/near radius boundary depending on workplace; exact distance unverified,Spring 2027; month unconfirmed,16 months,Posted range 25–33; pay period not stated,Not stated,"Mechanical design, finite element and thermal analysis, hydraulics and cooling systems. Explicitly seeks third- or fourth-year mechanical students.",Confirm a May 2027-or-later start before treating this as a match. Transcript required.,101580,"https://jobs.hatch.com/job/Mississauga-Mechanical-Engineering-Student,-Technologies-ON/1427991600/",Official posting specifies Spring 2027 and a 16-month placement. It does not give an exact start month. Aggregator Winter 2027 wording conflicts; employer wording takes precedence.,2026-09-23,2026-09-23,2026-09-23,True,Unchanged
Needs confirmation,Rocket Lab,Mechanical Engineering Intern Summer 2027,"Toronto, ON",,Exact workplace distance not verified,"May 3, 2027",Minimum 16 weeks; 12/16 months unconfirmed,Not stated,Not stated,"Mechanical design/testing of reaction wheels and star trackers; SolidWorks/CAD experience useful. The advertised minimum is a summer placement, not confirmed as 12/16 months.",Only pursue if employer confirms a 12- or 16-month term. Requires a remaining school semester and GPA of at least 3.0.,7991769003,https://rocketlabcorp.com/careers/positions/mechanical-engineering-intern-summer-2027-toronto-can-7991769003/,"Official posting states at least 16 consecutive weeks beginning May 3, 2027. Sixteen weeks must not be interpreted as sixteen months.",2026-09-23,2026-09-23,2026-09-23,True,Unchanged
Needs confirmation,Skyworks,RFIC Design – 12-month Co-op,"Ottawa, ON",,No distance cutoff; Ottawa relocation likely,May 2027,12 months: May 2027–April 2028,CAD 25–44/hour,Not stated,"RF/analog circuit and Wi-Fi module design, laboratory characterization and validation. Electrical Engineering, Engineering Physics, Physics or related studies requested.",Confirm Mechanical Engineering eligibility and electronics preparation; relocation would be required.,78401,https://careers.skyworksinc.com/job/RFIC-Design-12-month-Co-op-%28May-%26apos%3B27-April-%26apos%3B28%29/78401-en_US/,"Official employer page checked 2026-09-23; Ottawa, 12 months from May 2027 to April 2028. Degree and RF circuit knowledge requirements need individual review.",2026-09-23,2026-09-23,2026-09-23,True,Unchanged
Needs confirmation,Skyworks,WiFi FEM Design Co-op,"Ottawa, ON",,No distance cutoff; Ottawa relocation likely,May 2027,12 months: May 2027–April 2028,CAD 25–44/hour,Not stated,"RF/analog circuit and Wi-Fi module design, laboratory characterization and validation. Electrical Engineering, Engineering Physics, Physics or related studies requested.",Confirm Mechanical Engineering eligibility and electronics preparation; relocation would be required.,78110,https://careers.skyworksinc.com/job/WiFi-FEM-Design-Co-Op-%28May-2027-April-2028%29/78110-en_US/,"Official employer page checked 2026-09-23; Ottawa, 12 months from May 2027 to April 2028. Degree and RF circuit knowledge requirements need individual review.",2026-09-23,2026-09-23,2026-09-23,True,Unchanged
Excluded,Novatrend,Mech. Internship (16 months),"Richmond Hill, ON",,Exact workplace distance not verified,April 2022,16 months,Not stated,Not stated,HVAC/mechanical drafting page remains searchable but carries an old start date.,Retain employer for discovery; do not apply to this as a current 2027 placement.,legacy-april-2022,https://www.novatrend.ca/careers/blog-post-title-one-z6afa-wnbj8,Official page explicitly states an approximate April 2022 start. Recent search crawling is not a new posting.,2026-09-23,2026-09-23,2026-09-23,True,Unchanged
Excluded,Tesla,"Internship, Mechanical Design Engineer, Cell Engineering (Winter/Spring 2027)","Richmond Hill, ON",,Exact workplace distance not verified,January 2027,Not confirmed,Not stated,Not stated,Relevant local mechanical design work but January start and a 12-week minimum do not meet the requested term.,Monitor for a May 2027 long-term posting.,4458274064,https://ca.linkedin.com/jobs/view/internship-mechanical-design-engineer-cell-engineering-winter-spring-2027-at-tesla-4458274064,LinkedIn copy gives January 2027 start and minimum 12 weeks.,2026-09-23,2026-09-23,2026-09-23,True,Unchanged
Excluded,WSP,"Intern, Mechanical Engineering – Winter 2027","Vaughan, ON",,Exact workplace distance not verified,Winter 2027,8/12/16 months,Not stated,Not stated,"Relevant HVAC, plumbing and building mechanical systems work; winter intake conflicts with availability.",Monitor future May intake.,4458314013,https://ca.linkedin.com/jobs/view/intern-mechanical-engineering-winter-2027-at-wsp-in-canada-4458314013,"LinkedIn employer listing identifies Winter 2027 and 8, 12 or 16 months.",2026-09-23,2026-09-23,2026-09-23,True,Unchanged
Excluded,General Motors,2027 Winter Co-op – CCA Manufacturing Engineering,"Oshawa, ON",,Exact workplace distance not verified,January 2027,8/12 months,Not stated,Not stated,"Relevant manufacturing/automation work accepting third- or fourth-year mechanical students, but starts too early.",Monitor for a later May intake.,JR-202618667,https://search-careers.gm.com/en/jobs/jr-202618667/2027-winter-co-op-cca-manufacturing-engineering/,Official listing specifies January 2027 start and 8 or 12 months.,2026-09-23,2026-09-23,2026-09-23,True,Unchanged
Excluded,Hitachi Rail,"Electro-Mechanical Engineering Intern (Fall 2026, 16 months)","Scarborough, ON",,Exact workplace distance not verified,September 2026,16 months,Not stated,Not stated,"Relevant mechanical/electrical subsystem support, but the term is already underway.",Monitor for a new May intake.,R0139829,https://hitachi.wd1.myworkdayjobs.com/en-US/hitachi/job/Electro-Mechanical-Engineering-Intern--Fall-2026--16-months-_R0139829,Employer indexed text states September 2026–December 2027.,2026-09-23,2026-09-23,2026-09-23,True,Unchanged
Excluded,L3Harris,Electro-Mechanical Technician Co-op,"Waterdown, ON",,Exact workplace distance not verified,January 2027,12 months,Not stated,Not stated,"Electromechanical work, but this particular role seeks college technician/technologist students and starts in January.",Monitor university mechanical-engineering placements for May.,43738,https://jobs.l3harris.com/job/Waterdown-Electro-Mechanical-Technician-Co-op-ON-L9H-0C5/1426012200/,Official listing explicitly runs January through December 2027 and targets diploma students.,2026-09-23,2026-09-23,2026-09-23,True,Unchanged
