title,url,body,query,employer
147 Mechanical Engineering Co Op jobs in Ontario - LinkedIn,https://www.linkedin.com/jobs/mechanical-engineering-co-op-jobs-ontario,"Today's top 147 Mechanical Engineering Co Op jobs in Ontario. Leverage your professional network, and get hired. New Mechanical Engineering Co Op jobs added daily.",mechanical engineering co-op Ontario 2027 12 16 months,
269 Mechanical Engineering Co Op jobs in Canada - LinkedIn,https://ca.linkedin.com/jobs/mechanical-engineering-co-op-jobs,"Today's top 269 Mechanical Engineering Co Op jobs in Canada. Leverage your professional network, and get hired. New Mechanical Engineering Co Op jobs added daily.",mechanical engineering co-op Ontario 2027 12 16 months,
co op for mechanical engineer jobs in Ontario,https://ca.indeed.com/q-co-op-for-mechanical-engineer-l-ontario-jobs.html?vjk=701c2a11daf6214c,"Search 23 Co Op For Mechanical Engineer jobs now available in Ontario on Indeed.com, the world's largest job site.",mechanical engineering co-op Ontario 2027 12 16 months,
mechanical engineering co op jobs in Ontario - Indeed,https://ca.indeed.com/q-mechanical-engineering-co-op-l-ontario-jobs.html?vjk=66ee916875970ecb,"Search 145 Mechanical Engineering Co Op jobs now available in Ontario on Indeed.com, the world's largest job site.",mechanical engineering co-op Ontario 2027 12 16 months,
"mechanical engineering co op jobs in ontario, canada","https://www.workopolis.com/search?q=mechanical+engineering+co+op&l=ontario,+canada","Secure your next role on SimplyHired.com. Find 148 Mechanical engineering co op job openings in Ontario, Canada. Check opportunities, estimated salaries and receive job alerts via email.",mechanical engineering co-op Ontario 2027 12 16 months,
mechanical engineering co op jobs in ontario,https://www.simplyhired.ca/search?q=mechanical+engineering+co-op&l=ontario,"Secure your next role on SimplyHired.com. Find 147 Mechanical engineering co op job openings in Ontario. Check opportunities, estimated salaries and receive job alerts via email.",mechanical engineering co-op Ontario 2027 12 16 months,
154 Mechanical engineering co op jobs in Ontario - Glassdoor,"https://www.glassdoor.ca/Job/ontario-mechanical-engineering-co-op-jobs-SRCH_IL.0,7_IS4080_KO8,36.htm",Search Mechanical engineering co op jobs in Ontario with company ratings and salaries. 154 open jobs for Mechanical engineering co op in Ontario.,mechanical engineering co-op Ontario 2027 12 16 months,
"mechanical engineering co op student jobs in toronto, on","https://www.workopolis.com/search?q=mechanical+engineering+co+op+student&l=toronto,+on","50 mechanical engineering co op student jobs in toronto, on Winter 2027 - Co-Op - Engineering - Durham Region Ontario Power Generation — Pickering, ON 4 $33.60-$44.77 an hour Contract Bachelor's Travel",mechanical engineering co-op Ontario 2027 12 16 months,
"HDR hiring Mechanical Co-op (Winter 2027) in Toronto, Ontario, Canada ...",https://ca.linkedin.com/jobs/view/mechanical-co-op-winter-2027-at-hdr-4470012726,"Get notified about new Mechanical Specialist jobs in Toronto, Ontario, Canada. Sign in to create job alert Corporate Reliability Engineering Co-op Student - Winter 2027 (12-month term)",mechanical engineering co-op Ontario 2027 12 16 months,
"$17-$43/hr Mechanical Engineer Co Op Jobs in Toronto, ON - ZipRecruiter","https://www.ziprecruiter.com/Jobs/Mechanical-Engineer-Co-Op/-in-Toronto,ON","Browse 909 MECHANICAL ENGINEER CO OP jobs from companies in TORONTO, ON, CA now hiring. Find job opportunities near you paying $29 per hour & apply.",mechanical engineering co-op Ontario 2027 12 16 months,
655 Chemical Engineering Intern jobs in Canada - LinkedIn,https://ca.linkedin.com/jobs/chemical-engineering-intern-jobs,"Professional Engineering Year (12-16 Months) (May 2027) Bruce Power Ontario, Canada 12 hours ago Engineering Co-op Engineering Co-op. Actively Hiring 2 weeks",chemical process engineering co-op Ontario 2027 12 16 months,
75 Chemical Engineering Co Op in US Jobs Hiring Now | Indeed,https://ca.indeed.com/q-chemical-engineering-co-op-in-us-jobs.html,"Co-op or internship starting in May, or September 2027 for 4,8,12 or 16 months. Requirements: Currently enrolled in a 2 to 4 year degree program in ...",chemical process engineering co-op Ontario 2027 12 16 months,
110 Chemical engineering co op jobs in Canada | Glassdoor,"https://www.glassdoor.ca/Job/chemical-engineering-co-op-jobs-SRCH_KO0,26.htm","January 2027 Process/Chemical Engineering Co-op. Sparwood. $4,867 - $6,167 (Employer provided). Seek ways to improve our process by collaborating with the ...",chemical process engineering co-op Ontario 2027 12 16 months,
620 Chemical Engineering Internship jobs in Canada - LinkedIn,https://ca.linkedin.com/jobs/chemical-engineering-internship-jobs,"Process/Chemical Engineering Co-op. Professional Engineering Year (12-16 Months) (May 2027) Bruce Power Ontario, Canada 2 days",chemical process engineering co-op Ontario 2027 12 16 months,
50 16 Month Internship Engineering Jobs Hiring Now | Indeed,https://ca.indeed.com/q-16-month-internship-engineering-jobs.html,Must be able to complete a 16 month Co-Op term with 12 month terms occasionally being available. ... January 2027 Process/Chemical Engineering Co-op. Elk Valley ...,chemical process engineering co-op Ontario 2027 12 16 months,
"Co-op | Faculty of Science, Engineering and Architecture",https://laurentian.ca/academics/faculties/science-engineering-architecture/coop,"Work terms run 4, 8, 12 or 16 months and can start in September, January or May. Applying to Chemical, Mechanical or Mining Engineering from high school for ...",chemical process engineering co-op Ontario 2027 12 16 months,
33 Chemical Engineering Co Op Jobs in Ontario - LinkedIn,https://ca.linkedin.com/jobs/chemical-engineering-co-op-jobs-ontario,"Professional Engineering Year (12-16 Months) (May 2027). Professional Engineering Year (12-16 Months) (May 2027). Bruce Power. Ontario, Canada 2 days ago.",chemical process engineering co-op Ontario 2027 12 16 months,
Professional Engineering Year (12-16 Months) (May 2027),https://nuclearjobscanada.ca/jobs/714509459-professional-engineering-year-12-16-months-may-2027,"•Process and Results oriented. Education and Experience: •Student is required to be in second, third or fourth year of confirmed co-op program. •Have a ...",chemical process engineering co-op Ontario 2027 12 16 months,
Student and co-op opportunities - Imperial Oil,https://www.imperialoil.ca/careers/careers/intern-co-op-and-apprenticeship-opportunities,The goal of our internship and co-op program is to provide each and every student a positive experience working in the energy industry.,chemical process engineering co-op Ontario 2027 12 16 months,
Internships and student jobs | Canadian Space Agency,https://www.asc-csa.gc.ca/eng/jobs/search-internships.asp,"On this page you will find a list of co-op internship offers at the CSA for the next semester. For more opportunities, please contact your school's co-op office ...",chemical process engineering co-op Ontario 2027 12 16 months,
50 16 Month Internship Engineering Jobs Hiring Now | Indeed,https://ca.indeed.com/q-16-month-internship-engineering-jobs.html,"Co-op term length is flexible, from 4 months to 16 months. Report findings to the engineering team to guide development decisions. Employment Type: Student – Co ...",industrial manufacturing engineering co-op Ontario 2027 12 16 months,
1000+ Industrial Engineering Co Op Jobs in Canada - LinkedIn,https://ca.linkedin.com/jobs/industrial-engineering-co-op-jobs,"Co-op (12 to 16 month Term) Process Engineering Analyst, Continuous Improvement & Data Insights Co-op (12 to 16 month Term) CIBC Toronto, Ontario, Canada 1 ...",industrial manufacturing engineering co-op Ontario 2027 12 16 months,
Internships and Co-ops - Ontario Tech Student Services,https://studentservices.ontariotechu.ca/current-students/career-readiness/internships-and-co-ops/index.php,"A co-op or internship term typically begins in May, September, or January and can be 4, 8, 12, or 16 months in length.",industrial manufacturing engineering co-op Ontario 2027 12 16 months,
Corporate Reliability Engineering Co-op Student Winter 2027 ...,https://ca.talent.com/view,Corporate Reliability Engineering Co-op Student Winter 2027 (12-month term) · What We Offer: Co-op fee reimbursement up to $1000 if eligible · Responsibilities.,industrial manufacturing engineering co-op Ontario 2027 12 16 months,
33 Industrial engineering co op intern jobs in Canada - Glassdoor,"https://www.glassdoor.ca/Job/industrial-engineering-co-op-intern-jobs-SRCH_KO0,35.htm",Co-op Students (8-12 months) Lynn Lake $25.93 - $29.82 Per hour (Employer provided) Valid driver's license required. 2027 up to 16 months.… $55K - $60K ( ...,industrial manufacturing engineering co-op Ontario 2027 12 16 months,
Winter 2027 co op mechanical engineering jobs - Indeed,https://ca.indeed.com/q-winter-2027-co-op-mechanical-engineering-jobs.html,"engineering co-op program (mechanical, industrial or manufacturing). Dec. 2027), or (16 Months; Enrolled and eligible to work an 8-month, 12-month, or 16-month ...",industrial manufacturing engineering co-op Ontario 2027 12 16 months,
Co-op & Internship Opportunities,https://www.torontomu.ca/engineering-architectural-science/programs/undergraduate-programs/cooperative-internships/,"Students starting in January can only complete 12-month placements. Students starting between May and September can complete 8, 12, or 16 consecutive months, ...",industrial manufacturing engineering co-op Ontario 2027 12 16 months,
Co-Op Opportunities - General Dynamics Mission Systems ...,https://gdmissionsystems.ca/careers/co-op-opportunities,"Our industry-leading co-op program offers meaningful, hands-on work for students looking to make an impact. we accept over 50 students into the program. Use ...",industrial manufacturing engineering co-op Ontario 2027 12 16 months,
Internships and student jobs | Canadian Space Agency,https://www.asc-csa.gc.ca/eng/jobs/search-internships.asp,"On this page you will find a list of co-op internship offers at the CSA for the next semester. For more opportunities, please contact your school's co-op office ...",industrial manufacturing engineering co-op Ontario 2027 12 16 months,
Student and co-op opportunities - Imperial Oil,https://www.imperialoil.ca/careers/careers/intern-co-op-and-apprenticeship-opportunities,"The goal of our internship and co-op program is to provide each and every student a positive experience working in the energy industry. The work, networking ...",industrial manufacturing engineering co-op Ontario 2027 12 16 months,
Biomedical engineering co op student jobs - Indeed,https://ca.indeed.com/q-biomedical-engineering-co-op-student-jobs.html,This is a 16 month co-op term (with 12 month terms occasionally available). 12 month co-op work terms for 2027. Our College Co-op program students start ...,biomedical engineering co-op Ontario 2027 12 16 months,
101 Biomedical Intern jobs in Toronto - LinkedIn,https://ca.linkedin.com/jobs/biomedical-intern-jobs-toronto-on,"Biomedical Intern jobs in Toronto. New Biomedical Intern jobs added daily. uga, Ontario, Canada. January 2027 Co-Op University Recruitment Program",biomedical engineering co-op Ontario 2027 12 16 months,
16 Biomedical engineering co op jobs in Canada - Glassdoor,"https://www.glassdoor.ca/Job/canada-biomedical-engineering-co-op-jobs-SRCH_IL.0,6_IN3_KO7,35.htm","16 open jobs for Biomedical engineering co op in Canada. $38.47 - $44.77 Per hour. Contract (Up to 12 Months) 2027 Base Location: Bowmanville, Pickering, ...",biomedical engineering co-op Ontario 2027 12 16 months,
Biomedical Co Op Jobs (with Salaries) | Indeed Canada,https://ca.indeed.com/q-biomedical-co-op-jobs.html,"$34,000–$57,900 a year. The co-op term is available starting January 4, 2027 for 8 months, 12 months, or 16 months. $40,000–$50,000 a year",biomedical engineering co-op Ontario 2027 12 16 months,
Biomedical and Electrical Engineering - Carleton Admissions,https://admissions.carleton.ca/programs/biomedical-and-electrical-engineering/,"Co-op Carleton offers students a paid Co-op option with work terms of 4, 6, 8, 12 or 16 months. in biomedical and electrical engineering. prerequisite courses ...",biomedical engineering co-op Ontario 2027 12 16 months,
[PDF] ENGINEERING PROGRAM GUIDE 2027-2028,https://shared.ontariotechu.ca/shared/faculty/feas/documents/program-guide-2027-2028.pdf,Students in the co-op stream who successfully complete a minimum of three 4-month work terms will graduate with the co-op designation on their degree parchment.,biomedical engineering co-op Ontario 2027 12 16 months,
Co-op & Internship Opportunities,https://www.torontomu.ca/engineering-architectural-science/programs/undergraduate-programs/cooperative-internships/,"Students starting between May and September can complete 8, 12, or 16 consecutive months, depending on the job posting. Students starting in September can ...",biomedical engineering co-op Ontario 2027 12 16 months,
Embark on a Global Research Journey with Globalink Internship,https://www.mitacs.ca/our-programs/globalink-research-internship-students/,"Internships are 12 weeks in duration, starting between May 1 and July 31, 2027. Applicants must have an anticipated graduation date of October 2027 or later.",biomedical engineering co-op Ontario 2027 12 16 months,
Internships and student jobs | Canadian Space Agency,https://www.asc-csa.gc.ca/eng/jobs/search-internships.asp,"On this page you will find a list of co-op internship offers at the CSA for the next semester. For more opportunities, please contact your school's co-op office ...",biomedical engineering co-op Ontario 2027 12 16 months,
Internship (Students) - Career Services | Queen's University,https://careers.queensu.ca/jobs-experience/internships-quip,"The Queen's Undergraduate Internship Program (QUIP) provides 2nd or 3rd year students with a 12–16-month work experience. QUIP internships are paid, ...",biomedical engineering co-op Ontario 2027 12 16 months,
50 Nuclear Internship Jobs Hiring Now | Indeed,https://ca.indeed.com/q-nuclear-internship-jobs.html,"Student Internship - Engineering (2 Positions) - May 2027 to Aug 2028. Easily apply. Nuclear Waste Management Organization (NWMO). Toronto, ON M5C 2A5. $24.22 ...","nuclear energy intern Ontario ""May 2027""",
"Intern, Engineering at Westinghouse Electric Company",https://nuclearjobscanada.ca/jobs/625335897-intern-engineering,"This is a 4-month internship beginning in May 2027. You will report to the Manager, Aux. Elec. Sys. & Equipment and be assigned to our Kitchener, Ontario ...","nuclear energy intern Ontario ""May 2027""",
Energy Internship Jobs in Canada (1000+ Open Roles) - LinkedIn,https://ca.linkedin.com/jobs/energy-internship-jobs,"Nuclear – Engineering Interns. GE Vernova. Markham, Ontario, Canada 2 ... Facilities Engineering Intern (May 2027 – August 2028 Work Term). TAQA Group.","nuclear energy intern Ontario ""May 2027""",
"486 engineer internship jobs in Canada, September 2026","https://www.glassdoor.ca/Job/canada-engineer-internship-jobs-SRCH_IL.0,6_IN3_KO7,26.htm","Manufacturing & Engineering Technical Co-Op - May 2027 Start. Belleville. $5,170 (Employer provided). Assessment scores are valid for 12 months; to apply ...","nuclear energy intern Ontario ""May 2027""",
"Engineering Intern - Westinghouse Electric Company, LLC",https://bebee.com/ca/jobs/engineering-intern-westinghouse-electric-company-llc-burlington--techmap_ca_WestinghouseP_1428594400,"Starting May 2027 for a duration of 8 months. You will report to the Director, CANDU Engineering & Tooling and be located at Burlington, Ontario, facility.","nuclear energy intern Ontario ""May 2027""",
50 Nuclear Co Op Jobs Hiring Now | Indeed,https://ca.indeed.com/q-nuclear-co-op-jobs.html,Student Internship - Engineering (2 Positions) - May 2027 to Aug 2028. Easily apply. Nuclear Waste Management Organization (NWMO).,"nuclear energy intern Ontario ""May 2027""",
"Air Canada Center, On Engineering intern Jobs - SimplyHired","https://www.simplyhired.ca/q-engineering-intern-l-air-canada-center,-on-jobs.html","Student Internship - Engineering (2 Positions) - May 2027 to Aug 2028. Nuclear Waste Management Organization (NWMO) —Toronto, ON5. $24.22–$28.44 an hour ...","nuclear energy intern Ontario ""May 2027""",
"Nuclear Engineering Intern - Hybrid, Burlington - Jobrapido.com",https://ca.jobrapido.com/jobpreview/8175137712240590848,"7 days ago · Westinghouse Electric Canada is seeking an Engineering Intern to join our Burlington, Ontario office for an 8-month term starting May 2027.","nuclear energy intern Ontario ""May 2027""",
620 Chemical Engineering Internship jobs in Canada - LinkedIn,https://ca.linkedin.com/jobs/chemical-engineering-internship-jobs,"Upstream Facilities Engineering - Students Seeking Opportunities - Jan/May 2027 ... Ontario Power Generation. Bowmanville, Ontario, Canada. Actively Hiring. 1 ...","nuclear energy intern Ontario ""May 2027""",
Civil Engineering Internship - May 2027 job with McElhanney,https://www.engineeringcareers.ca/job/2085652/civil-engineering-internship-may-2027/,"Sep 18, 2026 · We are hiring for a 4- or 8-month summer internship starting in May 2027 in our Engineering division in Fort St. John. Our preference is for ...","nuclear energy intern Ontario ""May 2027""",
